id,hustobc_class,hustobc_label,yh_dirname,official_code,official_reading_jtz,reading_type,evidence_source,repro_url,fetched_date,verifier,note
YH279-001,Y+H/60007,undeciphered,60007,U60007,望,plain,Yinqi Wenyuan getzxbybm API,http://jgw.aynu.edu.cn/home/zx/method/jgwzx.ashx?bm=U60007&type=getzxbybm,2026-07-06,"automated API cross-check, 279/279",
YH279-002,Y+H/60024,undeciphered,60024,U60024,襄,plain,Yinqi Wenyuan getzxbybm API,http://jgw.aynu.edu.cn/home/zx/method/jgwzx.ashx?bm=U60024&type=getzxbybm,2026-07-06,"automated API cross-check, 279/279",
YH279-003,Y+H/6002D,undeciphered,6002D,U6002D,元,plain,Yinqi Wenyuan getzxbybm API,http://jgw.aynu.edu.cn/home/zx/method/jgwzx.ashx?bm=U6002D&type=getzxbybm,2026-07-06,"automated API cross-check, 279/279",
YH279-004,Y+H/6002F,undeciphered,6002F,U6002F,髟,plain,Yinqi Wenyuan getzxbybm API,http://jgw.aynu.edu.cn/home/zx/method/jgwzx.ashx?bm=U6002F&type=getzxbybm,2026-07-06,"automated API cross-check, 279/279",
YH279-005,Y+H/60040,undeciphered,60040,U60040,匕(妣),loan_or_variant,Yinqi Wenyuan getzxbybm API,http://jgw.aynu.edu.cn/home/zx/method/jgwzx.ashx?bm=U60040&type=getzxbybm,2026-07-06,"automated API cross-check, 279/279",loan_or_variant: 妣
YH279-006,Y+H/60050,undeciphered,60050,U60050,须,plain,Yinqi Wenyuan getzxbybm API,http://jgw.aynu.edu.cn/home/zx/method/jgwzx.ashx?bm=U60050&type=getzxbybm,2026-07-06,"automated API cross-check, 279/279",
YH279-007,Y+H/60090,undeciphered,60090,U60090,㳄,plain,Yinqi Wenyuan getzxbybm API,http://jgw.aynu.edu.cn/home/zx/method/jgwzx.ashx?bm=U60090&type=getzxbybm,2026-07-06,"automated API cross-check, 279/279",
YH279-008,Y+H/600C4,undeciphered,600C4,U600C4,育,plain,Yinqi Wenyuan getzxbybm API,http://jgw.aynu.edu.cn/home/zx/method/jgwzx.ashx?bm=U600C4&type=getzxbybm,2026-07-06,"automated API cross-check, 279/279",
YH279-009,Y+H/600C9,undeciphered,600C9,U600C9,勹,plain,Yinqi Wenyuan getzxbybm API,http://jgw.aynu.edu.cn/home/zx/method/jgwzx.ashx?bm=U600C9&type=getzxbybm,2026-07-06,"automated API cross-check, 279/279",
YH279-010,Y+H/600D3,undeciphered,600D3,U600D3,襄,plain,Yinqi Wenyuan getzxbybm API,http://jgw.aynu.edu.cn/home/zx/method/jgwzx.ashx?bm=U600D3&type=getzxbybm,2026-07-06,"automated API cross-check, 279/279",
YH279-011,Y+H/600E4,undeciphered,600E4,U600E4,㕦,plain,Yinqi Wenyuan getzxbybm API,http://jgw.aynu.edu.cn/home/zx/method/jgwzx.ashx?bm=U600E4&type=getzxbybm,2026-07-06,"automated API cross-check, 279/279",
YH279-012,Y+H/600EE,undeciphered,600EE,U600EE,文,plain,Yinqi Wenyuan getzxbybm API,http://jgw.aynu.edu.cn/home/zx/method/jgwzx.ashx?bm=U600EE&type=getzxbybm,2026-07-06,"automated API cross-check, 279/279",
YH279-013,Y+H/600F9,undeciphered,600F9,U600F9,髦,plain,Yinqi Wenyuan getzxbybm API,http://jgw.aynu.edu.cn/home/zx/method/jgwzx.ashx?bm=U600F9&type=getzxbybm,2026-07-06,"automated API cross-check, 279/279",
YH279-014,Y+H/60111,undeciphered,60111,U60111,昷（殟）,loan_or_variant,Yinqi Wenyuan getzxbybm API,http://jgw.aynu.edu.cn/home/zx/method/jgwzx.ashx?bm=U60111&type=getzxbybm,2026-07-06,"automated API cross-check, 279/279",loan_or_variant: 殟
YH279-015,Y+H/6011B,undeciphered,6011B,U6011B,叕,plain,Yinqi Wenyuan getzxbybm API,http://jgw.aynu.edu.cn/home/zx/method/jgwzx.ashx?bm=U6011B&type=getzxbybm,2026-07-06,"automated API cross-check, 279/279",
YH279-016,Y+H/6015B,undeciphered,6015B,U6015B,屰,plain,Yinqi Wenyuan getzxbybm API,http://jgw.aynu.edu.cn/home/zx/method/jgwzx.ashx?bm=U6015B&type=getzxbybm,2026-07-06,"automated API cross-check, 279/279",
YH279-017,Y+H/6015D,undeciphered,6015D,U6015D,屰,plain,Yinqi Wenyuan getzxbybm API,http://jgw.aynu.edu.cn/home/zx/method/jgwzx.ashx?bm=U6015D&type=getzxbybm,2026-07-06,"automated API cross-check, 279/279",
YH279-018,Y+H/6015E,undeciphered,6015E,U6015E,逆,plain,Yinqi Wenyuan getzxbybm API,http://jgw.aynu.edu.cn/home/zx/method/jgwzx.ashx?bm=U6015E&type=getzxbybm,2026-07-06,"automated API cross-check, 279/279",
YH279-019,Y+H/6016B,undeciphered,6016B,U6016B,大,plain,Yinqi Wenyuan getzxbybm API,http://jgw.aynu.edu.cn/home/zx/method/jgwzx.ashx?bm=U6016B&type=getzxbybm,2026-07-06,"automated API cross-check, 279/279",
YH279-020,Y+H/60179,undeciphered,60179,U60179,匿,plain,Yinqi Wenyuan getzxbybm API,http://jgw.aynu.edu.cn/home/zx/method/jgwzx.ashx?bm=U60179&type=getzxbybm,2026-07-06,"automated API cross-check, 279/279",
YH279-021,Y+H/60196,undeciphered,60196,U60196,匿,plain,Yinqi Wenyuan getzxbybm API,http://jgw.aynu.edu.cn/home/zx/method/jgwzx.ashx?bm=U60196&type=getzxbybm,2026-07-06,"automated API cross-check, 279/279",
YH279-022,Y+H/601A4,undeciphered,601A4,U601A4,旡,plain,Yinqi Wenyuan getzxbybm API,http://jgw.aynu.edu.cn/home/zx/method/jgwzx.ashx?bm=U601A4&type=getzxbybm,2026-07-06,"automated API cross-check, 279/279",
YH279-023,Y+H/60212,undeciphered,60212,U60212,妃,plain,Yinqi Wenyuan getzxbybm API,http://jgw.aynu.edu.cn/home/zx/method/jgwzx.ashx?bm=U60212&type=getzxbybm,2026-07-06,"automated API cross-check, 279/279",
YH279-024,Y+H/6023E,undeciphered,6023E,U6023E,嘉,plain,Yinqi Wenyuan getzxbybm API,http://jgw.aynu.edu.cn/home/zx/method/jgwzx.ashx?bm=U6023E&type=getzxbybm,2026-07-06,"automated API cross-check, 279/279",
YH279-025,Y+H/6025D,undeciphered,6025D,U6025D,姝,plain,Yinqi Wenyuan getzxbybm API,http://jgw.aynu.edu.cn/home/zx/method/jgwzx.ashx?bm=U6025D&type=getzxbybm,2026-07-06,"automated API cross-check, 279/279",
YH279-026,Y+H/60273,undeciphered,60273,U60273,妃,plain,Yinqi Wenyuan getzxbybm API,http://jgw.aynu.edu.cn/home/zx/method/jgwzx.ashx?bm=U60273&type=getzxbybm,2026-07-06,"automated API cross-check, 279/279",
YH279-027,Y+H/6028A,undeciphered,6028A,U6028A,彝,plain,Yinqi Wenyuan getzxbybm API,http://jgw.aynu.edu.cn/home/zx/method/jgwzx.ashx?bm=U6028A&type=getzxbybm,2026-07-06,"automated API cross-check, 279/279",
YH279-028,Y+H/6028D,undeciphered,6028D,U6028D,母戊,plain,Yinqi Wenyuan getzxbybm API,http://jgw.aynu.edu.cn/home/zx/method/jgwzx.ashx?bm=U6028D&type=getzxbybm,2026-07-06,"automated API cross-check, 279/279",
YH279-029,Y+H/602B5,undeciphered,602B5,U602B5,瘿,plain,Yinqi Wenyuan getzxbybm API,http://jgw.aynu.edu.cn/home/zx/method/jgwzx.ashx?bm=U602B5&type=getzxbybm,2026-07-06,"automated API cross-check, 279/279",
YH279-030,Y+H/602B6,undeciphered,602B6,U602B6,娠,plain,Yinqi Wenyuan getzxbybm API,http://jgw.aynu.edu.cn/home/zx/method/jgwzx.ashx?bm=U602B6&type=getzxbybm,2026-07-06,"automated API cross-check, 279/279",
YH279-031,Y+H/602B7,undeciphered,602B7,U602B7,娶,plain,Yinqi Wenyuan getzxbybm API,http://jgw.aynu.edu.cn/home/zx/method/jgwzx.ashx?bm=U602B7&type=getzxbybm,2026-07-06,"automated API cross-check, 279/279",
YH279-032,Y+H/602C0,undeciphered,602C0,U602C0,孉,plain,Yinqi Wenyuan getzxbybm API,http://jgw.aynu.edu.cn/home/zx/method/jgwzx.ashx?bm=U602C0&type=getzxbybm,2026-07-06,"automated API cross-check, 279/279",
YH279-033,Y+H/602CB,undeciphered,602CB,U602CB,妊,plain,Yinqi Wenyuan getzxbybm API,http://jgw.aynu.edu.cn/home/zx/method/jgwzx.ashx?bm=U602CB&type=getzxbybm,2026-07-06,"automated API cross-check, 279/279",
YH279-034,Y+H/602E1,undeciphered,602E1,U602E1,棄,plain,Yinqi Wenyuan getzxbybm API,http://jgw.aynu.edu.cn/home/zx/method/jgwzx.ashx?bm=U602E1&type=getzxbybm,2026-07-06,"automated API cross-check, 279/279",
YH279-035,Y+H/60328,undeciphered,60328,U60328,萈,plain,Yinqi Wenyuan getzxbybm API,http://jgw.aynu.edu.cn/home/zx/method/jgwzx.ashx?bm=U60328&type=getzxbybm,2026-07-06,"automated API cross-check, 279/279",
YH279-036,Y+H/60330,undeciphered,60330,U60330,萈,plain,Yinqi Wenyuan getzxbybm API,http://jgw.aynu.edu.cn/home/zx/method/jgwzx.ashx?bm=U60330&type=getzxbybm,2026-07-06,"automated API cross-check, 279/279",
YH279-037,Y+H/60334,undeciphered,60334,U60334,萈,plain,Yinqi Wenyuan getzxbybm API,http://jgw.aynu.edu.cn/home/zx/method/jgwzx.ashx?bm=U60334&type=getzxbybm,2026-07-06,"automated API cross-check, 279/279",
YH279-038,Y+H/60335,undeciphered,60335,U60335,萈,plain,Yinqi Wenyuan getzxbybm API,http://jgw.aynu.edu.cn/home/zx/method/jgwzx.ashx?bm=U60335&type=getzxbybm,2026-07-06,"automated API cross-check, 279/279",
YH279-039,Y+H/6034B,undeciphered,6034B,U6034B,顺,plain,Yinqi Wenyuan getzxbybm API,http://jgw.aynu.edu.cn/home/zx/method/jgwzx.ashx?bm=U6034B&type=getzxbybm,2026-07-06,"automated API cross-check, 279/279",
YH279-040,Y+H/603A5,undeciphered,603A5,U603A5,自,plain,Yinqi Wenyuan getzxbybm API,http://jgw.aynu.edu.cn/home/zx/method/jgwzx.ashx?bm=U603A5&type=getzxbybm,2026-07-06,"automated API cross-check, 279/279",
YH279-041,Y+H/603BE,undeciphered,603BE,U603BE,祫,plain,Yinqi Wenyuan getzxbybm API,http://jgw.aynu.edu.cn/home/zx/method/jgwzx.ashx?bm=U603BE&type=getzxbybm,2026-07-06,"automated API cross-check, 279/279",
YH279-042,Y+H/603C0,undeciphered,603C0,U603C0,吉,plain,Yinqi Wenyuan getzxbybm API,http://jgw.aynu.edu.cn/home/zx/method/jgwzx.ashx?bm=U603C0&type=getzxbybm,2026-07-06,"automated API cross-check, 279/279",
YH279-043,Y+H/603D4,undeciphered,603D4,U603D4,hai,plain,Yinqi Wenyuan getzxbybm API,http://jgw.aynu.edu.cn/home/zx/method/jgwzx.ashx?bm=U603D4&type=getzxbybm,2026-07-06,"automated API cross-check, 279/279",
YH279-044,Y+H/603EC,undeciphered,603EC,U603EC,hai,plain,Yinqi Wenyuan getzxbybm API,http://jgw.aynu.edu.cn/home/zx/method/jgwzx.ashx?bm=U603EC&type=getzxbybm,2026-07-06,"automated API cross-check, 279/279",
YH279-045,Y+H/60415,undeciphered,60415,U60415,置,plain,Yinqi Wenyuan getzxbybm API,http://jgw.aynu.edu.cn/home/zx/method/jgwzx.ashx?bm=U60415&type=getzxbybm,2026-07-06,"automated API cross-check, 279/279",
YH279-046,Y+H/60435,undeciphered,60435,U60435,置,plain,Yinqi Wenyuan getzxbybm API,http://jgw.aynu.edu.cn/home/zx/method/jgwzx.ashx?bm=U60435&type=getzxbybm,2026-07-06,"automated API cross-check, 279/279",
YH279-047,Y+H/60446,undeciphered,60446,U60446,逆,plain,Yinqi Wenyuan getzxbybm API,http://jgw.aynu.edu.cn/home/zx/method/jgwzx.ashx?bm=U60446&type=getzxbybm,2026-07-06,"automated API cross-check, 279/279",
YH279-048,Y+H/6044D,undeciphered,6044D,U6044D,逐,plain,Yinqi Wenyuan getzxbybm API,http://jgw.aynu.edu.cn/home/zx/method/jgwzx.ashx?bm=U6044D&type=getzxbybm,2026-07-06,"automated API cross-check, 279/279",
YH279-049,Y+H/60487,undeciphered,60487,U60487,围,plain,Yinqi Wenyuan getzxbybm API,http://jgw.aynu.edu.cn/home/zx/method/jgwzx.ashx?bm=U60487&type=getzxbybm,2026-07-06,"automated API cross-check, 279/279",
YH279-050,Y+H/604FA,undeciphered,604FA,U604FA,叔,plain,Yinqi Wenyuan getzxbybm API,http://jgw.aynu.edu.cn/home/zx/method/jgwzx.ashx?bm=U604FA&type=getzxbybm,2026-07-06,"automated API cross-check, 279/279",
YH279-051,Y+H/60503,undeciphered,60503,U60503,役,plain,Yinqi Wenyuan getzxbybm API,http://jgw.aynu.edu.cn/home/zx/method/jgwzx.ashx?bm=U60503&type=getzxbybm,2026-07-06,"automated API cross-check, 279/279",
YH279-052,Y+H/60513,undeciphered,60513,U60513,羞,plain,Yinqi Wenyuan getzxbybm API,http://jgw.aynu.edu.cn/home/zx/method/jgwzx.ashx?bm=U60513&type=getzxbybm,2026-07-06,"automated API cross-check, 279/279",
YH279-053,Y+H/60525,undeciphered,60525,U60525,攴,plain,Yinqi Wenyuan getzxbybm API,http://jgw.aynu.edu.cn/home/zx/method/jgwzx.ashx?bm=U60525&type=getzxbybm,2026-07-06,"automated API cross-check, 279/279",
YH279-054,Y+H/6052D,undeciphered,6052D,U6052D,爰,plain,Yinqi Wenyuan getzxbybm API,http://jgw.aynu.edu.cn/home/zx/method/jgwzx.ashx?bm=U6052D&type=getzxbybm,2026-07-06,"automated API cross-check, 279/279",
YH279-055,Y+H/60563,undeciphered,60563,U60563,鹵,plain,Yinqi Wenyuan getzxbybm API,http://jgw.aynu.edu.cn/home/zx/method/jgwzx.ashx?bm=U60563&type=getzxbybm,2026-07-06,"automated API cross-check, 279/279",
YH279-056,Y+H/60580,undeciphered,60580,U60580,示,plain,Yinqi Wenyuan getzxbybm API,http://jgw.aynu.edu.cn/home/zx/method/jgwzx.ashx?bm=U60580&type=getzxbybm,2026-07-06,"automated API cross-check, 279/279",
YH279-057,Y+H/60581,undeciphered,60581,U60581,示,plain,Yinqi Wenyuan getzxbybm API,http://jgw.aynu.edu.cn/home/zx/method/jgwzx.ashx?bm=U60581&type=getzxbybm,2026-07-06,"automated API cross-check, 279/279",
YH279-058,Y+H/605D2,undeciphered,605D2,U605D2,彡（肜）日,loan_or_variant,Yinqi Wenyuan getzxbybm API,http://jgw.aynu.edu.cn/home/zx/method/jgwzx.ashx?bm=U605D2&type=getzxbybm,2026-07-06,"automated API cross-check, 279/279",loan_or_variant: 肜
YH279-059,Y+H/605E7,undeciphered,605E7,U605E7,明,plain,Yinqi Wenyuan getzxbybm API,http://jgw.aynu.edu.cn/home/zx/method/jgwzx.ashx?bm=U605E7&type=getzxbybm,2026-07-06,"automated API cross-check, 279/279",
YH279-060,Y+H/605EA,undeciphered,605EA,U605EA,名,plain,Yinqi Wenyuan getzxbybm API,http://jgw.aynu.edu.cn/home/zx/method/jgwzx.ashx?bm=U605EA&type=getzxbybm,2026-07-06,"automated API cross-check, 279/279",
YH279-061,Y+H/605F2,undeciphered,605F2,U605F2,乃,plain,Yinqi Wenyuan getzxbybm API,http://jgw.aynu.edu.cn/home/zx/method/jgwzx.ashx?bm=U605F2&type=getzxbybm,2026-07-06,"automated API cross-check, 279/279",
YH279-062,Y+H/605F7,undeciphered,605F7,U605F7,咰,plain,Yinqi Wenyuan getzxbybm API,http://jgw.aynu.edu.cn/home/zx/method/jgwzx.ashx?bm=U605F7&type=getzxbybm,2026-07-06,"automated API cross-check, 279/279",
YH279-063,Y+H/60626,undeciphered,60626,U60626,雷,plain,Yinqi Wenyuan getzxbybm API,http://jgw.aynu.edu.cn/home/zx/method/jgwzx.ashx?bm=U60626&type=getzxbybm,2026-07-06,"automated API cross-check, 279/279",
YH279-064,Y+H/6062A,undeciphered,6062A,U6062A,鬼日,plain,Yinqi Wenyuan getzxbybm API,http://jgw.aynu.edu.cn/home/zx/method/jgwzx.ashx?bm=U6062A&type=getzxbybm,2026-07-06,"automated API cross-check, 279/279",
YH279-065,Y+H/6065D,undeciphered,6065D,U6065D,岳,plain,Yinqi Wenyuan getzxbybm API,http://jgw.aynu.edu.cn/home/zx/method/jgwzx.ashx?bm=U6065D&type=getzxbybm,2026-07-06,"automated API cross-check, 279/279",
YH279-066,Y+H/6065E,undeciphered,6065E,U6065E,岳,plain,Yinqi Wenyuan getzxbybm API,http://jgw.aynu.edu.cn/home/zx/method/jgwzx.ashx?bm=U6065E&type=getzxbybm,2026-07-06,"automated API cross-check, 279/279",
YH279-067,Y+H/60667,undeciphered,60667,U60667,焚,plain,Yinqi Wenyuan getzxbybm API,http://jgw.aynu.edu.cn/home/zx/method/jgwzx.ashx?bm=U60667&type=getzxbybm,2026-07-06,"automated API cross-check, 279/279",
YH279-068,Y+H/6067E,undeciphered,6067E,U6067E,岳,plain,Yinqi Wenyuan getzxbybm API,http://jgw.aynu.edu.cn/home/zx/method/jgwzx.ashx?bm=U6067E&type=getzxbybm,2026-07-06,"automated API cross-check, 279/279",
YH279-069,Y+H/6068F,undeciphered,6068F,U6068F,帅,plain,Yinqi Wenyuan getzxbybm API,http://jgw.aynu.edu.cn/home/zx/method/jgwzx.ashx?bm=U6068F&type=getzxbybm,2026-07-06,"automated API cross-check, 279/279",
YH279-070,Y+H/6069C,undeciphered,6069C,U6069C,陆,plain,Yinqi Wenyuan getzxbybm API,http://jgw.aynu.edu.cn/home/zx/method/jgwzx.ashx?bm=U6069C&type=getzxbybm,2026-07-06,"automated API cross-check, 279/279",
YH279-071,Y+H/606BC,undeciphered,606BC,U606BC,洚,plain,Yinqi Wenyuan getzxbybm API,http://jgw.aynu.edu.cn/home/zx/method/jgwzx.ashx?bm=U606BC&type=getzxbybm,2026-07-06,"automated API cross-check, 279/279",
YH279-072,Y+H/606C1,undeciphered,606C1,U606C1,淄,plain,Yinqi Wenyuan getzxbybm API,http://jgw.aynu.edu.cn/home/zx/method/jgwzx.ashx?bm=U606C1&type=getzxbybm,2026-07-06,"automated API cross-check, 279/279",
YH279-073,Y+H/606C3,undeciphered,606C3,U606C3,窪,plain,Yinqi Wenyuan getzxbybm API,http://jgw.aynu.edu.cn/home/zx/method/jgwzx.ashx?bm=U606C3&type=getzxbybm,2026-07-06,"automated API cross-check, 279/279",
YH279-074,Y+H/606C4,undeciphered,606C4,U606C4,沖,plain,Yinqi Wenyuan getzxbybm API,http://jgw.aynu.edu.cn/home/zx/method/jgwzx.ashx?bm=U606C4&type=getzxbybm,2026-07-06,"automated API cross-check, 279/279",
YH279-075,Y+H/606C9,undeciphered,606C9,U606C9,沉,plain,Yinqi Wenyuan getzxbybm API,http://jgw.aynu.edu.cn/home/zx/method/jgwzx.ashx?bm=U606C9&type=getzxbybm,2026-07-06,"automated API cross-check, 279/279",
YH279-076,Y+H/606D6,undeciphered,606D6,U606D6,沉,plain,Yinqi Wenyuan getzxbybm API,http://jgw.aynu.edu.cn/home/zx/method/jgwzx.ashx?bm=U606D6&type=getzxbybm,2026-07-06,"automated API cross-check, 279/279",
YH279-077,Y+H/606D9,undeciphered,606D9,U606D9,沉,plain,Yinqi Wenyuan getzxbybm API,http://jgw.aynu.edu.cn/home/zx/method/jgwzx.ashx?bm=U606D9&type=getzxbybm,2026-07-06,"automated API cross-check, 279/279",
YH279-078,Y+H/606DC,undeciphered,606DC,U606DC,河,plain,Yinqi Wenyuan getzxbybm API,http://jgw.aynu.edu.cn/home/zx/method/jgwzx.ashx?bm=U606DC&type=getzxbybm,2026-07-06,"automated API cross-check, 279/279",
YH279-079,Y+H/6072B,undeciphered,6072B,U6072B,湡,plain,Yinqi Wenyuan getzxbybm API,http://jgw.aynu.edu.cn/home/zx/method/jgwzx.ashx?bm=U6072B&type=getzxbybm,2026-07-06,"automated API cross-check, 279/279",
YH279-080,Y+H/60754,undeciphered,60754,U60754,苞,plain,Yinqi Wenyuan getzxbybm API,http://jgw.aynu.edu.cn/home/zx/method/jgwzx.ashx?bm=U60754&type=getzxbybm,2026-07-06,"automated API cross-check, 279/279",
YH279-081,Y+H/6075C,undeciphered,6075C,U6075C,莫（暮）,loan_or_variant,Yinqi Wenyuan getzxbybm API,http://jgw.aynu.edu.cn/home/zx/method/jgwzx.ashx?bm=U6075C&type=getzxbybm,2026-07-06,"automated API cross-check, 279/279",loan_or_variant: 暮
YH279-082,Y+H/60760,undeciphered,60760,U60760,暮,plain,Yinqi Wenyuan getzxbybm API,http://jgw.aynu.edu.cn/home/zx/method/jgwzx.ashx?bm=U60760&type=getzxbybm,2026-07-06,"automated API cross-check, 279/279",
YH279-083,Y+H/60763,undeciphered,60763,U60763,暮,plain,Yinqi Wenyuan getzxbybm API,http://jgw.aynu.edu.cn/home/zx/method/jgwzx.ashx?bm=U60763&type=getzxbybm,2026-07-06,"automated API cross-check, 279/279",
YH279-084,Y+H/60770,undeciphered,60770,U60770,早*,tentative,Yinqi Wenyuan getzxbybm API,http://jgw.aynu.edu.cn/home/zx/method/jgwzx.ashx?bm=U60770&type=getzxbybm,2026-07-06,"automated API cross-check, 279/279",official tentative marker: *
YH279-085,Y+H/60773,undeciphered,60773,U60773,早*,tentative,Yinqi Wenyuan getzxbybm API,http://jgw.aynu.edu.cn/home/zx/method/jgwzx.ashx?bm=U60773&type=getzxbybm,2026-07-06,"automated API cross-check, 279/279",official tentative marker: *
YH279-086,Y+H/60777,undeciphered,60777,U60777,樁,plain,Yinqi Wenyuan getzxbybm API,http://jgw.aynu.edu.cn/home/zx/method/jgwzx.ashx?bm=U60777&type=getzxbybm,2026-07-06,"automated API cross-check, 279/279",
YH279-087,Y+H/607B3,undeciphered,607B3,U607B3,春,plain,Yinqi Wenyuan getzxbybm API,http://jgw.aynu.edu.cn/home/zx/method/jgwzx.ashx?bm=U607B3&type=getzxbybm,2026-07-06,"automated API cross-check, 279/279",
YH279-088,Y+H/607CE,undeciphered,607CE,U607CE,束,plain,Yinqi Wenyuan getzxbybm API,http://jgw.aynu.edu.cn/home/zx/method/jgwzx.ashx?bm=U607CE&type=getzxbybm,2026-07-06,"automated API cross-check, 279/279",
YH279-089,Y+H/607DD,undeciphered,607DD,U607DD,椎,plain,Yinqi Wenyuan getzxbybm API,http://jgw.aynu.edu.cn/home/zx/method/jgwzx.ashx?bm=U607DD&type=getzxbybm,2026-07-06,"automated API cross-check, 279/279",
YH279-090,Y+H/60816,undeciphered,60816,U60816,黍,plain,Yinqi Wenyuan getzxbybm API,http://jgw.aynu.edu.cn/home/zx/method/jgwzx.ashx?bm=U60816&type=getzxbybm,2026-07-06,"automated API cross-check, 279/279",
YH279-091,Y+H/60817,undeciphered,60817,U60817,黍,plain,Yinqi Wenyuan getzxbybm API,http://jgw.aynu.edu.cn/home/zx/method/jgwzx.ashx?bm=U60817&type=getzxbybm,2026-07-06,"automated API cross-check, 279/279",
YH279-092,Y+H/6082A,undeciphered,6082A,U6082A,来,plain,Yinqi Wenyuan getzxbybm API,http://jgw.aynu.edu.cn/home/zx/method/jgwzx.ashx?bm=U6082A&type=getzxbybm,2026-07-06,"automated API cross-check, 279/279",
YH279-093,Y+H/60835,undeciphered,60835,U60835,尞,plain,Yinqi Wenyuan getzxbybm API,http://jgw.aynu.edu.cn/home/zx/method/jgwzx.ashx?bm=U60835&type=getzxbybm,2026-07-06,"automated API cross-check, 279/279",
YH279-094,Y+H/60851,undeciphered,60851,U60851,求,plain,Yinqi Wenyuan getzxbybm API,http://jgw.aynu.edu.cn/home/zx/method/jgwzx.ashx?bm=U60851&type=getzxbybm,2026-07-06,"automated API cross-check, 279/279",
YH279-095,Y+H/60860,undeciphered,60860,U60860,羞,plain,Yinqi Wenyuan getzxbybm API,http://jgw.aynu.edu.cn/home/zx/method/jgwzx.ashx?bm=U60860&type=getzxbybm,2026-07-06,"automated API cross-check, 279/279",
YH279-096,Y+H/6086D,undeciphered,6086D,U6086D,萈,plain,Yinqi Wenyuan getzxbybm API,http://jgw.aynu.edu.cn/home/zx/method/jgwzx.ashx?bm=U6086D&type=getzxbybm,2026-07-06,"automated API cross-check, 279/279",
YH279-097,Y+H/60884,undeciphered,60884,U60884,萈,plain,Yinqi Wenyuan getzxbybm API,http://jgw.aynu.edu.cn/home/zx/method/jgwzx.ashx?bm=U60884&type=getzxbybm,2026-07-06,"automated API cross-check, 279/279",
YH279-098,Y+H/608BF,undeciphered,608BF,U608BF,迩,plain,Yinqi Wenyuan getzxbybm API,http://jgw.aynu.edu.cn/home/zx/method/jgwzx.ashx?bm=U608BF&type=getzxbybm,2026-07-06,"automated API cross-check, 279/279",
YH279-099,Y+H/608DD,undeciphered,608DD,U608DD,兕,plain,Yinqi Wenyuan getzxbybm API,http://jgw.aynu.edu.cn/home/zx/method/jgwzx.ashx?bm=U608DD&type=getzxbybm,2026-07-06,"automated API cross-check, 279/279",
YH279-100,Y+H/608E2,undeciphered,608E2,U608E2,廌,plain,Yinqi Wenyuan getzxbybm API,http://jgw.aynu.edu.cn/home/zx/method/jgwzx.ashx?bm=U608E2&type=getzxbybm,2026-07-06,"automated API cross-check, 279/279",
YH279-101,Y+H/608E7,undeciphered,608E7,U608E7,萈,plain,Yinqi Wenyuan getzxbybm API,http://jgw.aynu.edu.cn/home/zx/method/jgwzx.ashx?bm=U608E7&type=getzxbybm,2026-07-06,"automated API cross-check, 279/279",
YH279-102,Y+H/6092D,undeciphered,6092D,U6092D,㲋,plain,Yinqi Wenyuan getzxbybm API,http://jgw.aynu.edu.cn/home/zx/method/jgwzx.ashx?bm=U6092D&type=getzxbybm,2026-07-06,"automated API cross-check, 279/279",
YH279-103,Y+H/609C4,undeciphered,609C4,U609C4,暮,plain,Yinqi Wenyuan getzxbybm API,http://jgw.aynu.edu.cn/home/zx/method/jgwzx.ashx?bm=U609C4&type=getzxbybm,2026-07-06,"automated API cross-check, 279/279",
YH279-104,Y+H/60A66,undeciphered,60A66,U60A66,瘥,plain,Yinqi Wenyuan getzxbybm API,http://jgw.aynu.edu.cn/home/zx/method/jgwzx.ashx?bm=U60A66&type=getzxbybm,2026-07-06,"automated API cross-check, 279/279",
YH279-105,Y+H/60AA2,undeciphered,60AA2,U60AA2,悤,plain,Yinqi Wenyuan getzxbybm API,http://jgw.aynu.edu.cn/home/zx/method/jgwzx.ashx?bm=U60AA2&type=getzxbybm,2026-07-06,"automated API cross-check, 279/279",
YH279-106,Y+H/60AAE,undeciphered,60AAE,U60AAE,袭,plain,Yinqi Wenyuan getzxbybm API,http://jgw.aynu.edu.cn/home/zx/method/jgwzx.ashx?bm=U60AAE&type=getzxbybm,2026-07-06,"automated API cross-check, 279/279",
YH279-107,Y+H/60AB8,undeciphered,60AB8,U60AB8,卒,plain,Yinqi Wenyuan getzxbybm API,http://jgw.aynu.edu.cn/home/zx/method/jgwzx.ashx?bm=U60AB8&type=getzxbybm,2026-07-06,"automated API cross-check, 279/279",
YH279-108,Y+H/60AE6,undeciphered,60AE6,U60AE6,亳,plain,Yinqi Wenyuan getzxbybm API,http://jgw.aynu.edu.cn/home/zx/method/jgwzx.ashx?bm=U60AE6&type=getzxbybm,2026-07-06,"automated API cross-check, 279/279",
YH279-109,Y+H/60B28,undeciphered,60B28,U60B28,𥢺,plain,Yinqi Wenyuan getzxbybm API,http://jgw.aynu.edu.cn/home/zx/method/jgwzx.ashx?bm=U60B28&type=getzxbybm,2026-07-06,"automated API cross-check, 279/279",
YH279-110,Y+H/60B58,undeciphered,60B58,U60B58,賓,plain,Yinqi Wenyuan getzxbybm API,http://jgw.aynu.edu.cn/home/zx/method/jgwzx.ashx?bm=U60B58&type=getzxbybm,2026-07-06,"automated API cross-check, 279/279",
YH279-111,Y+H/60B5B,undeciphered,60B5B,U60B5B,賓,plain,Yinqi Wenyuan getzxbybm API,http://jgw.aynu.edu.cn/home/zx/method/jgwzx.ashx?bm=U60B5B&type=getzxbybm,2026-07-06,"automated API cross-check, 279/279",
YH279-112,Y+H/60B67,undeciphered,60B67,U60B67,賓,plain,Yinqi Wenyuan getzxbybm API,http://jgw.aynu.edu.cn/home/zx/method/jgwzx.ashx?bm=U60B67&type=getzxbybm,2026-07-06,"automated API cross-check, 279/279",
YH279-113,Y+H/60B69,undeciphered,60B69,U60B69,賓,plain,Yinqi Wenyuan getzxbybm API,http://jgw.aynu.edu.cn/home/zx/method/jgwzx.ashx?bm=U60B69&type=getzxbybm,2026-07-06,"automated API cross-check, 279/279",
YH279-114,Y+H/60B91,undeciphered,60B91,U60B91,茨,plain,Yinqi Wenyuan getzxbybm API,http://jgw.aynu.edu.cn/home/zx/method/jgwzx.ashx?bm=U60B91&type=getzxbybm,2026-07-06,"automated API cross-check, 279/279",
YH279-115,Y+H/60B96,undeciphered,60B96,U60B96,賓,plain,Yinqi Wenyuan getzxbybm API,http://jgw.aynu.edu.cn/home/zx/method/jgwzx.ashx?bm=U60B96&type=getzxbybm,2026-07-06,"automated API cross-check, 279/279",
YH279-116,Y+H/60BAE,undeciphered,60BAE,U60BAE,璞,plain,Yinqi Wenyuan getzxbybm API,http://jgw.aynu.edu.cn/home/zx/method/jgwzx.ashx?bm=U60BAE&type=getzxbybm,2026-07-06,"automated API cross-check, 279/279",
YH279-117,Y+H/60BB3,undeciphered,60BB3,U60BB3,璞,plain,Yinqi Wenyuan getzxbybm API,http://jgw.aynu.edu.cn/home/zx/method/jgwzx.ashx?bm=U60BB3&type=getzxbybm,2026-07-06,"automated API cross-check, 279/279",
YH279-118,Y+H/60BC6,undeciphered,60BC6,U60BC6,兩（輛）,loan_or_variant,Yinqi Wenyuan getzxbybm API,http://jgw.aynu.edu.cn/home/zx/method/jgwzx.ashx?bm=U60BC6&type=getzxbybm,2026-07-06,"automated API cross-check, 279/279",loan_or_variant: 輛
YH279-119,Y+H/60C44,undeciphered,60C44,U60C44,甫,plain,Yinqi Wenyuan getzxbybm API,http://jgw.aynu.edu.cn/home/zx/method/jgwzx.ashx?bm=U60C44&type=getzxbybm,2026-07-06,"automated API cross-check, 279/279",
YH279-120,Y+H/60C62,undeciphered,60C62,U60C62,hai,plain,Yinqi Wenyuan getzxbybm API,http://jgw.aynu.edu.cn/home/zx/method/jgwzx.ashx?bm=U60C62&type=getzxbybm,2026-07-06,"automated API cross-check, 279/279",
YH279-121,Y+H/60C96,undeciphered,60C96,U60C96,占,plain,Yinqi Wenyuan getzxbybm API,http://jgw.aynu.edu.cn/home/zx/method/jgwzx.ashx?bm=U60C96&type=getzxbybm,2026-07-06,"automated API cross-check, 279/279",
YH279-122,Y+H/60CA1,undeciphered,60CA1,U60CA1,匚示,plain,Yinqi Wenyuan getzxbybm API,http://jgw.aynu.edu.cn/home/zx/method/jgwzx.ashx?bm=U60CA1&type=getzxbybm,2026-07-06,"automated API cross-check, 279/279",
YH279-123,Y+H/60CE6,undeciphered,60CE6,U60CE6,防,plain,Yinqi Wenyuan getzxbybm API,http://jgw.aynu.edu.cn/home/zx/method/jgwzx.ashx?bm=U60CE6&type=getzxbybm,2026-07-06,"automated API cross-check, 279/279",
YH279-124,Y+H/60CE7,undeciphered,60CE7,U60CE7,防,plain,Yinqi Wenyuan getzxbybm API,http://jgw.aynu.edu.cn/home/zx/method/jgwzx.ashx?bm=U60CE7&type=getzxbybm,2026-07-06,"automated API cross-check, 279/279",
YH279-125,Y+H/60CE8,undeciphered,60CE8,U60CE8,防,plain,Yinqi Wenyuan getzxbybm API,http://jgw.aynu.edu.cn/home/zx/method/jgwzx.ashx?bm=U60CE8&type=getzxbybm,2026-07-06,"automated API cross-check, 279/279",
YH279-126,Y+H/60CE9,undeciphered,60CE9,U60CE9,防,plain,Yinqi Wenyuan getzxbybm API,http://jgw.aynu.edu.cn/home/zx/method/jgwzx.ashx?bm=U60CE9&type=getzxbybm,2026-07-06,"automated API cross-check, 279/279",
YH279-127,Y+H/60CEA,undeciphered,60CEA,U60CEA,防,plain,Yinqi Wenyuan getzxbybm API,http://jgw.aynu.edu.cn/home/zx/method/jgwzx.ashx?bm=U60CEA&type=getzxbybm,2026-07-06,"automated API cross-check, 279/279",
YH279-128,Y+H/60D00,undeciphered,60D00,U60D00,衍,plain,Yinqi Wenyuan getzxbybm API,http://jgw.aynu.edu.cn/home/zx/method/jgwzx.ashx?bm=U60D00&type=getzxbybm,2026-07-06,"automated API cross-check, 279/279",
YH279-129,Y+H/60D06,undeciphered,60D06,U60D06,役,plain,Yinqi Wenyuan getzxbybm API,http://jgw.aynu.edu.cn/home/zx/method/jgwzx.ashx?bm=U60D06&type=getzxbybm,2026-07-06,"automated API cross-check, 279/279",
YH279-130,Y+H/60D1E,undeciphered,60D1E,U60D1E,逆,plain,Yinqi Wenyuan getzxbybm API,http://jgw.aynu.edu.cn/home/zx/method/jgwzx.ashx?bm=U60D1E&type=getzxbybm,2026-07-06,"automated API cross-check, 279/279",
YH279-131,Y+H/60D20,undeciphered,60D20,U60D20,逆,plain,Yinqi Wenyuan getzxbybm API,http://jgw.aynu.edu.cn/home/zx/method/jgwzx.ashx?bm=U60D20&type=getzxbybm,2026-07-06,"automated API cross-check, 279/279",
YH279-132,Y+H/60D5C,undeciphered,60D5C,U60D5C,奔馬,plain,Yinqi Wenyuan getzxbybm API,http://jgw.aynu.edu.cn/home/zx/method/jgwzx.ashx?bm=U60D5C&type=getzxbybm,2026-07-06,"automated API cross-check, 279/279",
YH279-133,Y+H/60D9B,undeciphered,60D9B,U60D9B,翦,plain,Yinqi Wenyuan getzxbybm API,http://jgw.aynu.edu.cn/home/zx/method/jgwzx.ashx?bm=U60D9B&type=getzxbybm,2026-07-06,"automated API cross-check, 279/279",
YH279-134,Y+H/60DBA,undeciphered,60DBA,U60DBA,耤,plain,Yinqi Wenyuan getzxbybm API,http://jgw.aynu.edu.cn/home/zx/method/jgwzx.ashx?bm=U60DBA&type=getzxbybm,2026-07-06,"automated API cross-check, 279/279",
YH279-135,Y+H/60DC6,undeciphered,60DC6,U60DC6,忒,plain,Yinqi Wenyuan getzxbybm API,http://jgw.aynu.edu.cn/home/zx/method/jgwzx.ashx?bm=U60DC6&type=getzxbybm,2026-07-06,"automated API cross-check, 279/279",
YH279-136,Y+H/60DF8,undeciphered,60DF8,U60DF8,勿,plain,Yinqi Wenyuan getzxbybm API,http://jgw.aynu.edu.cn/home/zx/method/jgwzx.ashx?bm=U60DF8&type=getzxbybm,2026-07-06,"automated API cross-check, 279/279",
YH279-137,Y+H/60E07,undeciphered,60E07,U60E07,剢,plain,Yinqi Wenyuan getzxbybm API,http://jgw.aynu.edu.cn/home/zx/method/jgwzx.ashx?bm=U60E07&type=getzxbybm,2026-07-06,"automated API cross-check, 279/279",
YH279-138,Y+H/60E3C,undeciphered,60E3C,U60E3C,遲,plain,Yinqi Wenyuan getzxbybm API,http://jgw.aynu.edu.cn/home/zx/method/jgwzx.ashx?bm=U60E3C&type=getzxbybm,2026-07-06,"automated API cross-check, 279/279",
YH279-139,Y+H/60E4A,undeciphered,60E4A,U60E4A,帀,plain,Yinqi Wenyuan getzxbybm API,http://jgw.aynu.edu.cn/home/zx/method/jgwzx.ashx?bm=U60E4A&type=getzxbybm,2026-07-06,"automated API cross-check, 279/279",
YH279-140,Y+H/60E4D,undeciphered,60E4D,U60E4D,抔,plain,Yinqi Wenyuan getzxbybm API,http://jgw.aynu.edu.cn/home/zx/method/jgwzx.ashx?bm=U60E4D&type=getzxbybm,2026-07-06,"automated API cross-check, 279/279",
YH279-141,Y+H/60E62,undeciphered,60E62,U60E62,新,plain,Yinqi Wenyuan getzxbybm API,http://jgw.aynu.edu.cn/home/zx/method/jgwzx.ashx?bm=U60E62&type=getzxbybm,2026-07-06,"automated API cross-check, 279/279",
YH279-142,Y+H/60E75,undeciphered,60E75,U60E75,䧅,plain,Yinqi Wenyuan getzxbybm API,http://jgw.aynu.edu.cn/home/zx/method/jgwzx.ashx?bm=U60E75&type=getzxbybm,2026-07-06,"automated API cross-check, 279/279",
YH279-143,Y+H/60E7A,undeciphered,60E7A,U60E7A,䧅,plain,Yinqi Wenyuan getzxbybm API,http://jgw.aynu.edu.cn/home/zx/method/jgwzx.ashx?bm=U60E7A&type=getzxbybm,2026-07-06,"automated API cross-check, 279/279",
YH279-144,Y+H/60E94,undeciphered,60E94,U60E94,晋,plain,Yinqi Wenyuan getzxbybm API,http://jgw.aynu.edu.cn/home/zx/method/jgwzx.ashx?bm=U60E94&type=getzxbybm,2026-07-06,"automated API cross-check, 279/279",
YH279-145,Y+H/60EBA,undeciphered,60EBA,U60EBA,1342,plain,Yinqi Wenyuan getzxbybm API,http://jgw.aynu.edu.cn/home/zx/method/jgwzx.ashx?bm=U60EBA&type=getzxbybm,2026-07-06,"automated API cross-check, 279/279",
YH279-146,Y+H/60ED4,undeciphered,60ED4,U60ED4,執,plain,Yinqi Wenyuan getzxbybm API,http://jgw.aynu.edu.cn/home/zx/method/jgwzx.ashx?bm=U60ED4&type=getzxbybm,2026-07-06,"automated API cross-check, 279/279",
YH279-147,Y+H/60F05,undeciphered,60F05,U60F05,可,plain,Yinqi Wenyuan getzxbybm API,http://jgw.aynu.edu.cn/home/zx/method/jgwzx.ashx?bm=U60F05&type=getzxbybm,2026-07-06,"automated API cross-check, 279/279",
YH279-148,Y+H/60F12,undeciphered,60F12,U60F12,盟,plain,Yinqi Wenyuan getzxbybm API,http://jgw.aynu.edu.cn/home/zx/method/jgwzx.ashx?bm=U60F12&type=getzxbybm,2026-07-06,"automated API cross-check, 279/279",
YH279-149,Y+H/60F4E,undeciphered,60F4E,U60F4E,益,plain,Yinqi Wenyuan getzxbybm API,http://jgw.aynu.edu.cn/home/zx/method/jgwzx.ashx?bm=U60F4E&type=getzxbybm,2026-07-06,"automated API cross-check, 279/279",
YH279-150,Y+H/60F5D,undeciphered,60F5D,U60F5D,宁,plain,Yinqi Wenyuan getzxbybm API,http://jgw.aynu.edu.cn/home/zx/method/jgwzx.ashx?bm=U60F5D&type=getzxbybm,2026-07-06,"automated API cross-check, 279/279",
YH279-151,Y+H/60F6B,undeciphered,60F6B,U60F6B,雪,plain,Yinqi Wenyuan getzxbybm API,http://jgw.aynu.edu.cn/home/zx/method/jgwzx.ashx?bm=U60F6B&type=getzxbybm,2026-07-06,"automated API cross-check, 279/279",
YH279-152,Y+H/60F6F,undeciphered,60F6F,U60F6F,旨,plain,Yinqi Wenyuan getzxbybm API,http://jgw.aynu.edu.cn/home/zx/method/jgwzx.ashx?bm=U60F6F&type=getzxbybm,2026-07-06,"automated API cross-check, 279/279",
YH279-153,Y+H/60FD1,undeciphered,60FD1,U60FD1,臨,plain,Yinqi Wenyuan getzxbybm API,http://jgw.aynu.edu.cn/home/zx/method/jgwzx.ashx?bm=U60FD1&type=getzxbybm,2026-07-06,"automated API cross-check, 279/279",
YH279-154,Y+H/61020,undeciphered,61020,U61020,壴,plain,Yinqi Wenyuan getzxbybm API,http://jgw.aynu.edu.cn/home/zx/method/jgwzx.ashx?bm=U61020&type=getzxbybm,2026-07-06,"automated API cross-check, 279/279",
YH279-155,Y+H/61025,undeciphered,61025,U61025,壴,plain,Yinqi Wenyuan getzxbybm API,http://jgw.aynu.edu.cn/home/zx/method/jgwzx.ashx?bm=U61025&type=getzxbybm,2026-07-06,"automated API cross-check, 279/279",
YH279-156,Y+H/6103B,undeciphered,6103B,U6103B,盟,plain,Yinqi Wenyuan getzxbybm API,http://jgw.aynu.edu.cn/home/zx/method/jgwzx.ashx?bm=U6103B&type=getzxbybm,2026-07-06,"automated API cross-check, 279/279",
YH279-157,Y+H/6103D,undeciphered,6103D,U6103D,盟,plain,Yinqi Wenyuan getzxbybm API,http://jgw.aynu.edu.cn/home/zx/method/jgwzx.ashx?bm=U6103D&type=getzxbybm,2026-07-06,"automated API cross-check, 279/279",
YH279-158,Y+H/6103F,undeciphered,6103F,U6103F,盟,plain,Yinqi Wenyuan getzxbybm API,http://jgw.aynu.edu.cn/home/zx/method/jgwzx.ashx?bm=U6103F&type=getzxbybm,2026-07-06,"automated API cross-check, 279/279",
YH279-159,Y+H/61084,undeciphered,61084,U61084,䍜（罩）,loan_or_variant,Yinqi Wenyuan getzxbybm API,http://jgw.aynu.edu.cn/home/zx/method/jgwzx.ashx?bm=U61084&type=getzxbybm,2026-07-06,"automated API cross-check, 279/279",loan_or_variant: 罩
YH279-160,Y+H/6108A,undeciphered,6108A,U6108A,罝,plain,Yinqi Wenyuan getzxbybm API,http://jgw.aynu.edu.cn/home/zx/method/jgwzx.ashx?bm=U6108A&type=getzxbybm,2026-07-06,"automated API cross-check, 279/279",
YH279-161,Y+H/61098,undeciphered,61098,U61098,宁(賈）,loan_or_variant,Yinqi Wenyuan getzxbybm API,http://jgw.aynu.edu.cn/home/zx/method/jgwzx.ashx?bm=U61098&type=getzxbybm,2026-07-06,"automated API cross-check, 279/279",loan_or_variant: 賈
YH279-162,Y+H/61099,undeciphered,61099,U61099,宁(賈）,loan_or_variant,Yinqi Wenyuan getzxbybm API,http://jgw.aynu.edu.cn/home/zx/method/jgwzx.ashx?bm=U61099&type=getzxbybm,2026-07-06,"automated API cross-check, 279/279",loan_or_variant: 賈
YH279-163,Y+H/610AE,undeciphered,610AE,U610AE,奠,plain,Yinqi Wenyuan getzxbybm API,http://jgw.aynu.edu.cn/home/zx/method/jgwzx.ashx?bm=U610AE&type=getzxbybm,2026-07-06,"automated API cross-check, 279/279",
YH279-164,Y+H/610B8,undeciphered,610B8,U610B8,死,plain,Yinqi Wenyuan getzxbybm API,http://jgw.aynu.edu.cn/home/zx/method/jgwzx.ashx?bm=U610B8&type=getzxbybm,2026-07-06,"automated API cross-check, 279/279",
YH279-165,Y+H/610BB,undeciphered,610BB,U610BB,葬,plain,Yinqi Wenyuan getzxbybm API,http://jgw.aynu.edu.cn/home/zx/method/jgwzx.ashx?bm=U610BB&type=getzxbybm,2026-07-06,"automated API cross-check, 279/279",
YH279-166,Y+H/610BE,undeciphered,610BE,U610BE,阱,plain,Yinqi Wenyuan getzxbybm API,http://jgw.aynu.edu.cn/home/zx/method/jgwzx.ashx?bm=U610BE&type=getzxbybm,2026-07-06,"automated API cross-check, 279/279",
YH279-167,Y+H/610C5,undeciphered,610C5,U610C5,殊,plain,Yinqi Wenyuan getzxbybm API,http://jgw.aynu.edu.cn/home/zx/method/jgwzx.ashx?bm=U610C5&type=getzxbybm,2026-07-06,"automated API cross-check, 279/279",
YH279-168,Y+H/610EE,undeciphered,610EE,U610EE,剢,plain,Yinqi Wenyuan getzxbybm API,http://jgw.aynu.edu.cn/home/zx/method/jgwzx.ashx?bm=U610EE&type=getzxbybm,2026-07-06,"automated API cross-check, 279/279",
YH279-169,Y+H/61116,undeciphered,61116,U61116,中妣,plain,Yinqi Wenyuan getzxbybm API,http://jgw.aynu.edu.cn/home/zx/method/jgwzx.ashx?bm=U61116&type=getzxbybm,2026-07-06,"automated API cross-check, 279/279",
YH279-170,Y+H/6111C,undeciphered,6111C,U6111C,绅,plain,Yinqi Wenyuan getzxbybm API,http://jgw.aynu.edu.cn/home/zx/method/jgwzx.ashx?bm=U6111C&type=getzxbybm,2026-07-06,"automated API cross-check, 279/279",
YH279-171,Y+H/6111F,undeciphered,6111F,U6111F,中录,plain,Yinqi Wenyuan getzxbybm API,http://jgw.aynu.edu.cn/home/zx/method/jgwzx.ashx?bm=U6111F&type=getzxbybm,2026-07-06,"automated API cross-check, 279/279",
YH279-172,Y+H/6113F,undeciphered,6113F,U6113F,智,plain,Yinqi Wenyuan getzxbybm API,http://jgw.aynu.edu.cn/home/zx/method/jgwzx.ashx?bm=U6113F&type=getzxbybm,2026-07-06,"automated API cross-check, 279/279",
YH279-173,Y+H/6114B,undeciphered,6114B,U6114B,叀,plain,Yinqi Wenyuan getzxbybm API,http://jgw.aynu.edu.cn/home/zx/method/jgwzx.ashx?bm=U6114B&type=getzxbybm,2026-07-06,"automated API cross-check, 279/279",
YH279-174,Y+H/611C3,undeciphered,611C3,U611C3,族,plain,Yinqi Wenyuan getzxbybm API,http://jgw.aynu.edu.cn/home/zx/method/jgwzx.ashx?bm=U611C3&type=getzxbybm,2026-07-06,"automated API cross-check, 279/279",
YH279-175,Y+H/611EE,undeciphered,611EE,U611EE,将,plain,Yinqi Wenyuan getzxbybm API,http://jgw.aynu.edu.cn/home/zx/method/jgwzx.ashx?bm=U611EE&type=getzxbybm,2026-07-06,"automated API cross-check, 279/279",
YH279-176,Y+H/61204,undeciphered,61204,U61204,夢,plain,Yinqi Wenyuan getzxbybm API,http://jgw.aynu.edu.cn/home/zx/method/jgwzx.ashx?bm=U61204&type=getzxbybm,2026-07-06,"automated API cross-check, 279/279",
YH279-177,Y+H/61206,undeciphered,61206,U61206,夢,plain,Yinqi Wenyuan getzxbybm API,http://jgw.aynu.edu.cn/home/zx/method/jgwzx.ashx?bm=U61206&type=getzxbybm,2026-07-06,"automated API cross-check, 279/279",
YH279-178,Y+H/6121B,undeciphered,6121B,U6121B,寤,plain,Yinqi Wenyuan getzxbybm API,http://jgw.aynu.edu.cn/home/zx/method/jgwzx.ashx?bm=U6121B&type=getzxbybm,2026-07-06,"automated API cross-check, 279/279",
YH279-179,Y+H/6122B,undeciphered,6122B,U6122B,梦,plain,Yinqi Wenyuan getzxbybm API,http://jgw.aynu.edu.cn/home/zx/method/jgwzx.ashx?bm=U6122B&type=getzxbybm,2026-07-06,"automated API cross-check, 279/279",
YH279-180,Y+H/6122D,undeciphered,6122D,U6122D,梦,plain,Yinqi Wenyuan getzxbybm API,http://jgw.aynu.edu.cn/home/zx/method/jgwzx.ashx?bm=U6122D&type=getzxbybm,2026-07-06,"automated API cross-check, 279/279",
YH279-181,Y+H/61280,undeciphered,61280,U61280,奚,plain,Yinqi Wenyuan getzxbybm API,http://jgw.aynu.edu.cn/home/zx/method/jgwzx.ashx?bm=U61280&type=getzxbybm,2026-07-06,"automated API cross-check, 279/279",
YH279-182,Y+H/61295,undeciphered,61295,U61295,鸡,plain,Yinqi Wenyuan getzxbybm API,http://jgw.aynu.edu.cn/home/zx/method/jgwzx.ashx?bm=U61295&type=getzxbybm,2026-07-06,"automated API cross-check, 279/279",
YH279-183,Y+H/6130F,undeciphered,6130F,U6130F,升,plain,Yinqi Wenyuan getzxbybm API,http://jgw.aynu.edu.cn/home/zx/method/jgwzx.ashx?bm=U6130F&type=getzxbybm,2026-07-06,"automated API cross-check, 279/279",
YH279-184,Y+H/6133C,undeciphered,6133C,U6133C,竞,plain,Yinqi Wenyuan getzxbybm API,http://jgw.aynu.edu.cn/home/zx/method/jgwzx.ashx?bm=U6133C&type=getzxbybm,2026-07-06,"automated API cross-check, 279/279",
YH279-185,Y+H/6134B,undeciphered,6134B,U6134B,互,plain,Yinqi Wenyuan getzxbybm API,http://jgw.aynu.edu.cn/home/zx/method/jgwzx.ashx?bm=U6134B&type=getzxbybm,2026-07-06,"automated API cross-check, 279/279",
YH279-186,Y+H/6135D,undeciphered,6135D,U6135D,琡,plain,Yinqi Wenyuan getzxbybm API,http://jgw.aynu.edu.cn/home/zx/method/jgwzx.ashx?bm=U6135D&type=getzxbybm,2026-07-06,"automated API cross-check, 279/279",
YH279-187,Y+H/61380,undeciphered,61380,U61380,釆,plain,Yinqi Wenyuan getzxbybm API,http://jgw.aynu.edu.cn/home/zx/method/jgwzx.ashx?bm=U61380&type=getzxbybm,2026-07-06,"automated API cross-check, 279/279",
YH279-188,Y+H/613B2,undeciphered,613B2,U613B2,朿,plain,Yinqi Wenyuan getzxbybm API,http://jgw.aynu.edu.cn/home/zx/method/jgwzx.ashx?bm=U613B2&type=getzxbybm,2026-07-06,"automated API cross-check, 279/279",
YH279-189,Y+H/613B4,undeciphered,613B4,U613B4,责,plain,Yinqi Wenyuan getzxbybm API,http://jgw.aynu.edu.cn/home/zx/method/jgwzx.ashx?bm=U613B4&type=getzxbybm,2026-07-06,"automated API cross-check, 279/279",
YH279-190,Y+H/613E2,undeciphered,613E2,U613E2,䇂,plain,Yinqi Wenyuan getzxbybm API,http://jgw.aynu.edu.cn/home/zx/method/jgwzx.ashx?bm=U613E2&type=getzxbybm,2026-07-06,"automated API cross-check, 279/279",
YH279-191,Y+H/613EC,undeciphered,613EC,U613EC,蛛,plain,Yinqi Wenyuan getzxbybm API,http://jgw.aynu.edu.cn/home/zx/method/jgwzx.ashx?bm=U613EC&type=getzxbybm,2026-07-06,"automated API cross-check, 279/279",
YH279-192,Y+H/6150E,undeciphered,6150E,U6150E,肙甲,plain,Yinqi Wenyuan getzxbybm API,http://jgw.aynu.edu.cn/home/zx/method/jgwzx.ashx?bm=U6150E&type=getzxbybm,2026-07-06,"automated API cross-check, 279/279",
YH279-193,Y+H/615D4,undeciphered,615D4,U615D4,二祖,plain,Yinqi Wenyuan getzxbybm API,http://jgw.aynu.edu.cn/home/zx/method/jgwzx.ashx?bm=U615D4&type=getzxbybm,2026-07-06,"automated API cross-check, 279/279",
YH279-194,Y+H/615D5,undeciphered,615D5,U615D5,九示,plain,Yinqi Wenyuan getzxbybm API,http://jgw.aynu.edu.cn/home/zx/method/jgwzx.ashx?bm=U615D5&type=getzxbybm,2026-07-06,"automated API cross-check, 279/279",
YH279-195,Y+H/615D7,undeciphered,615D7,U615D7,十一示,plain,Yinqi Wenyuan getzxbybm API,http://jgw.aynu.edu.cn/home/zx/method/jgwzx.ashx?bm=U615D7&type=getzxbybm,2026-07-06,"automated API cross-check, 279/279",
YH279-196,Y+H/615D8,undeciphered,615D8,U615D8,二祀,plain,Yinqi Wenyuan getzxbybm API,http://jgw.aynu.edu.cn/home/zx/method/jgwzx.ashx?bm=U615D8&type=getzxbybm,2026-07-06,"automated API cross-check, 279/279",
YH279-197,Y+H/615E0,undeciphered,615E0,U615E0,史子,plain,Yinqi Wenyuan getzxbybm API,http://jgw.aynu.edu.cn/home/zx/method/jgwzx.ashx?bm=U615E0&type=getzxbybm,2026-07-06,"automated API cross-check, 279/279",
YH279-198,Y+H/615E8,undeciphered,615E8,U615E8,入日,plain,Yinqi Wenyuan getzxbybm API,http://jgw.aynu.edu.cn/home/zx/method/jgwzx.ashx?bm=U615E8&type=getzxbybm,2026-07-06,"automated API cross-check, 279/279",
YH279-199,Y+H/615EF,undeciphered,615EF,U615EF,小告,plain,Yinqi Wenyuan getzxbybm API,http://jgw.aynu.edu.cn/home/zx/method/jgwzx.ashx?bm=U615EF&type=getzxbybm,2026-07-06,"automated API cross-check, 279/279",
YH279-200,Y+H/615F1,undeciphered,615F1,U615F1,一告,plain,Yinqi Wenyuan getzxbybm API,http://jgw.aynu.edu.cn/home/zx/method/jgwzx.ashx?bm=U615F1&type=getzxbybm,2026-07-06,"automated API cross-check, 279/279",
YH279-201,Y+H/615F3,undeciphered,615F3,U615F3,三告,plain,Yinqi Wenyuan getzxbybm API,http://jgw.aynu.edu.cn/home/zx/method/jgwzx.ashx?bm=U615F3&type=getzxbybm,2026-07-06,"automated API cross-check, 279/279",
YH279-202,Y+H/615FB,undeciphered,615FB,U615FB,外小臣,plain,Yinqi Wenyuan getzxbybm API,http://jgw.aynu.edu.cn/home/zx/method/jgwzx.ashx?bm=U615FB&type=getzxbybm,2026-07-06,"automated API cross-check, 279/279",
YH279-203,Y+H/6160A,undeciphered,6160A,U6160A,湄,plain,Yinqi Wenyuan getzxbybm API,http://jgw.aynu.edu.cn/home/zx/method/jgwzx.ashx?bm=U6160A&type=getzxbybm,2026-07-06,"automated API cross-check, 279/279",
YH279-204,Y+H/61616,undeciphered,61616,U61616,黍,plain,Yinqi Wenyuan getzxbybm API,http://jgw.aynu.edu.cn/home/zx/method/jgwzx.ashx?bm=U61616&type=getzxbybm,2026-07-06,"automated API cross-check, 279/279",
YH279-205,Y+H/61617,undeciphered,61617,U61617,黍,plain,Yinqi Wenyuan getzxbybm API,http://jgw.aynu.edu.cn/home/zx/method/jgwzx.ashx?bm=U61617&type=getzxbybm,2026-07-06,"automated API cross-check, 279/279",
YH279-206,Y+H/6161A,undeciphered,6161A,U6161A,中,plain,Yinqi Wenyuan getzxbybm API,http://jgw.aynu.edu.cn/home/zx/method/jgwzx.ashx?bm=U6161A&type=getzxbybm,2026-07-06,"automated API cross-check, 279/279",
YH279-207,Y+H/6161F,undeciphered,6161F,U6161F,土,plain,Yinqi Wenyuan getzxbybm API,http://jgw.aynu.edu.cn/home/zx/method/jgwzx.ashx?bm=U6161F&type=getzxbybm,2026-07-06,"automated API cross-check, 279/279",
YH279-208,Y+H/61636,undeciphered,61636,U61636,鼓,plain,Yinqi Wenyuan getzxbybm API,http://jgw.aynu.edu.cn/home/zx/method/jgwzx.ashx?bm=U61636&type=getzxbybm,2026-07-06,"automated API cross-check, 279/279",
YH279-209,Y+H/61637,undeciphered,61637,U61637,鼓,plain,Yinqi Wenyuan getzxbybm API,http://jgw.aynu.edu.cn/home/zx/method/jgwzx.ashx?bm=U61637&type=getzxbybm,2026-07-06,"automated API cross-check, 279/279",
YH279-210,Y+H/61638,undeciphered,61638,U61638,郭,plain,Yinqi Wenyuan getzxbybm API,http://jgw.aynu.edu.cn/home/zx/method/jgwzx.ashx?bm=U61638&type=getzxbybm,2026-07-06,"automated API cross-check, 279/279",
YH279-211,Y+H/6163B,undeciphered,6163B,U6163B,亳,plain,Yinqi Wenyuan getzxbybm API,http://jgw.aynu.edu.cn/home/zx/method/jgwzx.ashx?bm=U6163B&type=getzxbybm,2026-07-06,"automated API cross-check, 279/279",
YH279-212,Y+H/6163E,undeciphered,6163E,U6163E,宀,plain,Yinqi Wenyuan getzxbybm API,http://jgw.aynu.edu.cn/home/zx/method/jgwzx.ashx?bm=U6163E&type=getzxbybm,2026-07-06,"automated API cross-check, 279/279",
YH279-213,Y+H/6163F,undeciphered,6163F,U6163F,周,plain,Yinqi Wenyuan getzxbybm API,http://jgw.aynu.edu.cn/home/zx/method/jgwzx.ashx?bm=U6163F&type=getzxbybm,2026-07-06,"automated API cross-check, 279/279",
YH279-214,Y+H/61642,undeciphered,61642,U61642,朿,plain,Yinqi Wenyuan getzxbybm API,http://jgw.aynu.edu.cn/home/zx/method/jgwzx.ashx?bm=U61642&type=getzxbybm,2026-07-06,"automated API cross-check, 279/279",
YH279-215,Y+H/61655,undeciphered,61655,U61655,䵼,plain,Yinqi Wenyuan getzxbybm API,http://jgw.aynu.edu.cn/home/zx/method/jgwzx.ashx?bm=U61655&type=getzxbybm,2026-07-06,"automated API cross-check, 279/279",
YH279-216,Y+H/61656,undeciphered,61656,U61656,䵼,plain,Yinqi Wenyuan getzxbybm API,http://jgw.aynu.edu.cn/home/zx/method/jgwzx.ashx?bm=U61656&type=getzxbybm,2026-07-06,"automated API cross-check, 279/279",
YH279-217,Y+H/61657,undeciphered,61657,U61657,䵼,plain,Yinqi Wenyuan getzxbybm API,http://jgw.aynu.edu.cn/home/zx/method/jgwzx.ashx?bm=U61657&type=getzxbybm,2026-07-06,"automated API cross-check, 279/279",
YH279-218,Y+H/61659,undeciphered,61659,U61659,弗,plain,Yinqi Wenyuan getzxbybm API,http://jgw.aynu.edu.cn/home/zx/method/jgwzx.ashx?bm=U61659&type=getzxbybm,2026-07-06,"automated API cross-check, 279/279",
YH279-219,Y+H/61662,undeciphered,61662,U61662,东,plain,Yinqi Wenyuan getzxbybm API,http://jgw.aynu.edu.cn/home/zx/method/jgwzx.ashx?bm=U61662&type=getzxbybm,2026-07-06,"automated API cross-check, 279/279",
YH279-220,Y+H/61667,undeciphered,61667,U61667,皿,plain,Yinqi Wenyuan getzxbybm API,http://jgw.aynu.edu.cn/home/zx/method/jgwzx.ashx?bm=U61667&type=getzxbybm,2026-07-06,"automated API cross-check, 279/279",
YH279-221,Y+H/61668,undeciphered,61668,U61668,注,plain,Yinqi Wenyuan getzxbybm API,http://jgw.aynu.edu.cn/home/zx/method/jgwzx.ashx?bm=U61668&type=getzxbybm,2026-07-06,"automated API cross-check, 279/279",
YH279-222,Y+H/6166A,undeciphered,6166A,U6166A,瓚,plain,Yinqi Wenyuan getzxbybm API,http://jgw.aynu.edu.cn/home/zx/method/jgwzx.ashx?bm=U6166A&type=getzxbybm,2026-07-06,"automated API cross-check, 279/279",
YH279-223,Y+H/6166C,undeciphered,6166C,U6166C,瓚,plain,Yinqi Wenyuan getzxbybm API,http://jgw.aynu.edu.cn/home/zx/method/jgwzx.ashx?bm=U6166C&type=getzxbybm,2026-07-06,"automated API cross-check, 279/279",
YH279-224,Y+H/6166D,undeciphered,6166D,U6166D,天（颠）,loan_or_variant,Yinqi Wenyuan getzxbybm API,http://jgw.aynu.edu.cn/home/zx/method/jgwzx.ashx?bm=U6166D&type=getzxbybm,2026-07-06,"automated API cross-check, 279/279",loan_or_variant: 颠
YH279-225,Y+H/6166E,undeciphered,6166E,U6166E,天（大）,loan_or_variant,Yinqi Wenyuan getzxbybm API,http://jgw.aynu.edu.cn/home/zx/method/jgwzx.ashx?bm=U6166E&type=getzxbybm,2026-07-06,"automated API cross-check, 279/279",loan_or_variant: 大
YH279-226,Y+H/61670,undeciphered,61670,U61670,梦,plain,Yinqi Wenyuan getzxbybm API,http://jgw.aynu.edu.cn/home/zx/method/jgwzx.ashx?bm=U61670&type=getzxbybm,2026-07-06,"automated API cross-check, 279/279",
YH279-227,Y+H/61672,undeciphered,61672,U61672,梦,plain,Yinqi Wenyuan getzxbybm API,http://jgw.aynu.edu.cn/home/zx/method/jgwzx.ashx?bm=U61672&type=getzxbybm,2026-07-06,"automated API cross-check, 279/279",
YH279-228,Y+H/61673,undeciphered,61673,U61673,梦,plain,Yinqi Wenyuan getzxbybm API,http://jgw.aynu.edu.cn/home/zx/method/jgwzx.ashx?bm=U61673&type=getzxbybm,2026-07-06,"automated API cross-check, 279/279",
YH279-229,Y+H/61675,undeciphered,61675,U61675,梦,plain,Yinqi Wenyuan getzxbybm API,http://jgw.aynu.edu.cn/home/zx/method/jgwzx.ashx?bm=U61675&type=getzxbybm,2026-07-06,"automated API cross-check, 279/279",
YH279-230,Y+H/6168C,undeciphered,6168C,U6168C,陷,plain,Yinqi Wenyuan getzxbybm API,http://jgw.aynu.edu.cn/home/zx/method/jgwzx.ashx?bm=U6168C&type=getzxbybm,2026-07-06,"automated API cross-check, 279/279",
YH279-231,Y+H/61692,undeciphered,61692,U61692,幽牛,plain,Yinqi Wenyuan getzxbybm API,http://jgw.aynu.edu.cn/home/zx/method/jgwzx.ashx?bm=U61692&type=getzxbybm,2026-07-06,"automated API cross-check, 279/279",
YH279-232,Y+H/61694,undeciphered,61694,U61694,勿牢,plain,Yinqi Wenyuan getzxbybm API,http://jgw.aynu.edu.cn/home/zx/method/jgwzx.ashx?bm=U61694&type=getzxbybm,2026-07-06,"automated API cross-check, 279/279",
YH279-233,Y+H/61696,undeciphered,61696,U61696,物（勿牛）,loan_or_variant,Yinqi Wenyuan getzxbybm API,http://jgw.aynu.edu.cn/home/zx/method/jgwzx.ashx?bm=U61696&type=getzxbybm,2026-07-06,"automated API cross-check, 279/279",loan_or_variant: 勿牛
YH279-234,Y+H/61698,undeciphered,61698,U61698,萈,plain,Yinqi Wenyuan getzxbybm API,http://jgw.aynu.edu.cn/home/zx/method/jgwzx.ashx?bm=U61698&type=getzxbybm,2026-07-06,"automated API cross-check, 279/279",
YH279-235,Y+H/61699,undeciphered,61699,U61699,羞,plain,Yinqi Wenyuan getzxbybm API,http://jgw.aynu.edu.cn/home/zx/method/jgwzx.ashx?bm=U61699&type=getzxbybm,2026-07-06,"automated API cross-check, 279/279",
YH279-236,Y+H/6169E,undeciphered,6169E,U6169E,豕,plain,Yinqi Wenyuan getzxbybm API,http://jgw.aynu.edu.cn/home/zx/method/jgwzx.ashx?bm=U6169E&type=getzxbybm,2026-07-06,"automated API cross-check, 279/279",
YH279-237,Y+H/616B0,undeciphered,616B0,U616B0,马,plain,Yinqi Wenyuan getzxbybm API,http://jgw.aynu.edu.cn/home/zx/method/jgwzx.ashx?bm=U616B0&type=getzxbybm,2026-07-06,"automated API cross-check, 279/279",
YH279-238,Y+H/616B3,undeciphered,616B3,U616B3,犬,plain,Yinqi Wenyuan getzxbybm API,http://jgw.aynu.edu.cn/home/zx/method/jgwzx.ashx?bm=U616B3&type=getzxbybm,2026-07-06,"automated API cross-check, 279/279",
YH279-239,Y+H/616B4,undeciphered,616B4,U616B4,豕,plain,Yinqi Wenyuan getzxbybm API,http://jgw.aynu.edu.cn/home/zx/method/jgwzx.ashx?bm=U616B4&type=getzxbybm,2026-07-06,"automated API cross-check, 279/279",
YH279-240,Y+H/616B5,undeciphered,616B5,U616B5,陷,plain,Yinqi Wenyuan getzxbybm API,http://jgw.aynu.edu.cn/home/zx/method/jgwzx.ashx?bm=U616B5&type=getzxbybm,2026-07-06,"automated API cross-check, 279/279",
YH279-241,Y+H/616BA,undeciphered,616BA,U616BA,牢,plain,Yinqi Wenyuan getzxbybm API,http://jgw.aynu.edu.cn/home/zx/method/jgwzx.ashx?bm=U616BA&type=getzxbybm,2026-07-06,"automated API cross-check, 279/279",
YH279-242,Y+H/616C8,undeciphered,616C8,U616C8,疐,plain,Yinqi Wenyuan getzxbybm API,http://jgw.aynu.edu.cn/home/zx/method/jgwzx.ashx?bm=U616C8&type=getzxbybm,2026-07-06,"automated API cross-check, 279/279",
YH279-243,Y+H/616CA,undeciphered,616CA,U616CA,疐,plain,Yinqi Wenyuan getzxbybm API,http://jgw.aynu.edu.cn/home/zx/method/jgwzx.ashx?bm=U616CA&type=getzxbybm,2026-07-06,"automated API cross-check, 279/279",
YH279-244,Y+H/616CB,undeciphered,616CB,U616CB,疐,plain,Yinqi Wenyuan getzxbybm API,http://jgw.aynu.edu.cn/home/zx/method/jgwzx.ashx?bm=U616CB&type=getzxbybm,2026-07-06,"automated API cross-check, 279/279",
YH279-245,Y+H/616D2,undeciphered,616D2,U616D2,㳄,plain,Yinqi Wenyuan getzxbybm API,http://jgw.aynu.edu.cn/home/zx/method/jgwzx.ashx?bm=U616D2&type=getzxbybm,2026-07-06,"automated API cross-check, 279/279",
YH279-246,Y+H/616D6,undeciphered,616D6,U616D6,媵,plain,Yinqi Wenyuan getzxbybm API,http://jgw.aynu.edu.cn/home/zx/method/jgwzx.ashx?bm=U616D6&type=getzxbybm,2026-07-06,"automated API cross-check, 279/279",
YH279-247,Y+H/616D8,undeciphered,616D8,U616D8,眢,plain,Yinqi Wenyuan getzxbybm API,http://jgw.aynu.edu.cn/home/zx/method/jgwzx.ashx?bm=U616D8&type=getzxbybm,2026-07-06,"automated API cross-check, 279/279",
YH279-248,Y+H/616E5,undeciphered,616E5,U616E5,良,plain,Yinqi Wenyuan getzxbybm API,http://jgw.aynu.edu.cn/home/zx/method/jgwzx.ashx?bm=U616E5&type=getzxbybm,2026-07-06,"automated API cross-check, 279/279",
YH279-249,Y+H/616F3,undeciphered,616F3,U616F3,有/侑/佑/佑,plain,Yinqi Wenyuan getzxbybm API,http://jgw.aynu.edu.cn/home/zx/method/jgwzx.ashx?bm=U616F3&type=getzxbybm,2026-07-06,"automated API cross-check, 279/279",
YH279-250,Y+H/61701,undeciphered,61701,U61701,夙,plain,Yinqi Wenyuan getzxbybm API,http://jgw.aynu.edu.cn/home/zx/method/jgwzx.ashx?bm=U61701&type=getzxbybm,2026-07-06,"automated API cross-check, 279/279",
YH279-251,Y+H/61705,undeciphered,61705,U61705,年,plain,Yinqi Wenyuan getzxbybm API,http://jgw.aynu.edu.cn/home/zx/method/jgwzx.ashx?bm=U61705&type=getzxbybm,2026-07-06,"automated API cross-check, 279/279",
YH279-252,Y+H/6170B,undeciphered,6170B,U6170B,坎,plain,Yinqi Wenyuan getzxbybm API,http://jgw.aynu.edu.cn/home/zx/method/jgwzx.ashx?bm=U6170B&type=getzxbybm,2026-07-06,"automated API cross-check, 279/279",
YH279-253,Y+H/61728,undeciphered,61728,U61728,一牛,plain,Yinqi Wenyuan getzxbybm API,http://jgw.aynu.edu.cn/home/zx/method/jgwzx.ashx?bm=U61728&type=getzxbybm,2026-07-06,"automated API cross-check, 279/279",
YH279-254,Y+H/6173B,undeciphered,6173B,U6173B,一豚,plain,Yinqi Wenyuan getzxbybm API,http://jgw.aynu.edu.cn/home/zx/method/jgwzx.ashx?bm=U6173B&type=getzxbybm,2026-07-06,"automated API cross-check, 279/279",
YH279-255,Y+H/6174C,undeciphered,6174C,U6174C,十勿牢,plain,Yinqi Wenyuan getzxbybm API,http://jgw.aynu.edu.cn/home/zx/method/jgwzx.ashx?bm=U6174C&type=getzxbybm,2026-07-06,"automated API cross-check, 279/279",
YH279-256,Y+H/61762,undeciphered,61762,U61762,二鬯,plain,Yinqi Wenyuan getzxbybm API,http://jgw.aynu.edu.cn/home/zx/method/jgwzx.ashx?bm=U61762&type=getzxbybm,2026-07-06,"automated API cross-check, 279/279",
YH279-257,Y+H/61766,undeciphered,61766,U61766,二玨,plain,Yinqi Wenyuan getzxbybm API,http://jgw.aynu.edu.cn/home/zx/method/jgwzx.ashx?bm=U61766&type=getzxbybm,2026-07-06,"automated API cross-check, 279/279",
YH279-258,Y+H/61775,undeciphered,61775,U61775,焚,plain,Yinqi Wenyuan getzxbybm API,http://jgw.aynu.edu.cn/home/zx/method/jgwzx.ashx?bm=U61775&type=getzxbybm,2026-07-06,"automated API cross-check, 279/279",
YH279-259,Y+H/61784,undeciphered,61784,U61784,㐱,plain,Yinqi Wenyuan getzxbybm API,http://jgw.aynu.edu.cn/home/zx/method/jgwzx.ashx?bm=U61784&type=getzxbybm,2026-07-06,"automated API cross-check, 279/279",
YH279-260,Y+H/61785,undeciphered,61785,U61785,㐱,plain,Yinqi Wenyuan getzxbybm API,http://jgw.aynu.edu.cn/home/zx/method/jgwzx.ashx?bm=U61785&type=getzxbybm,2026-07-06,"automated API cross-check, 279/279",
YH279-261,Y+H/61787,undeciphered,61787,U61787,介,plain,Yinqi Wenyuan getzxbybm API,http://jgw.aynu.edu.cn/home/zx/method/jgwzx.ashx?bm=U61787&type=getzxbybm,2026-07-06,"automated API cross-check, 279/279",
YH279-262,Y+H/6178D,undeciphered,6178D,U6178D,焚,plain,Yinqi Wenyuan getzxbybm API,http://jgw.aynu.edu.cn/home/zx/method/jgwzx.ashx?bm=U6178D&type=getzxbybm,2026-07-06,"automated API cross-check, 279/279",
YH279-263,Y+H/61794,undeciphered,61794,U61794,一月,plain,Yinqi Wenyuan getzxbybm API,http://jgw.aynu.edu.cn/home/zx/method/jgwzx.ashx?bm=U61794&type=getzxbybm,2026-07-06,"automated API cross-check, 279/279",
YH279-264,Y+H/61798,undeciphered,61798,U61798,小一月,plain,Yinqi Wenyuan getzxbybm API,http://jgw.aynu.edu.cn/home/zx/method/jgwzx.ashx?bm=U61798&type=getzxbybm,2026-07-06,"automated API cross-check, 279/279",
YH279-265,Y+H/6179B,undeciphered,6179B,U6179B,六月,plain,Yinqi Wenyuan getzxbybm API,http://jgw.aynu.edu.cn/home/zx/method/jgwzx.ashx?bm=U6179B&type=getzxbybm,2026-07-06,"automated API cross-check, 279/279",
YH279-266,Y+H/6179D,undeciphered,6179D,U6179D,七月,plain,Yinqi Wenyuan getzxbybm API,http://jgw.aynu.edu.cn/home/zx/method/jgwzx.ashx?bm=U6179D&type=getzxbybm,2026-07-06,"automated API cross-check, 279/279",
YH279-267,Y+H/617A4,undeciphered,617A4,U617A4,十四月,plain,Yinqi Wenyuan getzxbybm API,http://jgw.aynu.edu.cn/home/zx/method/jgwzx.ashx?bm=U617A4&type=getzxbybm,2026-07-06,"automated API cross-check, 279/279",
YH279-268,Y+H/617AB,undeciphered,617AB,U617AB,木月,plain,Yinqi Wenyuan getzxbybm API,http://jgw.aynu.edu.cn/home/zx/method/jgwzx.ashx?bm=U617AB&type=getzxbybm,2026-07-06,"automated API cross-check, 279/279",
YH279-269,Y+H/617BE,undeciphered,617BE,U617BE,下示,plain,Yinqi Wenyuan getzxbybm API,http://jgw.aynu.edu.cn/home/zx/method/jgwzx.ashx?bm=U617BE&type=getzxbybm,2026-07-06,"automated API cross-check, 279/279",
YH279-270,Y+H/617C4,undeciphered,617C4,U617C4,小王,plain,Yinqi Wenyuan getzxbybm API,http://jgw.aynu.edu.cn/home/zx/method/jgwzx.ashx?bm=U617C4&type=getzxbybm,2026-07-06,"automated API cross-check, 279/279",
YH279-271,Y+H/617C7,undeciphered,617C7,U617C7,小子,plain,Yinqi Wenyuan getzxbybm API,http://jgw.aynu.edu.cn/home/zx/method/jgwzx.ashx?bm=U617C7&type=getzxbybm,2026-07-06,"automated API cross-check, 279/279",
YH279-272,Y+H/617CE,undeciphered,617CE,U617CE,小食,plain,Yinqi Wenyuan getzxbybm API,http://jgw.aynu.edu.cn/home/zx/method/jgwzx.ashx?bm=U617CE&type=getzxbybm,2026-07-06,"automated API cross-check, 279/279",
YH279-273,Y+H/617CF,undeciphered,617CF,U617CF,小采,plain,Yinqi Wenyuan getzxbybm API,http://jgw.aynu.edu.cn/home/zx/method/jgwzx.ashx?bm=U617CF&type=getzxbybm,2026-07-06,"automated API cross-check, 279/279",
YH279-274,Y+H/617D1,undeciphered,617D1,U617D1,小雨,plain,Yinqi Wenyuan getzxbybm API,http://jgw.aynu.edu.cn/home/zx/method/jgwzx.ashx?bm=U617D1&type=getzxbybm,2026-07-06,"automated API cross-check, 279/279",
YH279-275,Y+H/617D5,undeciphered,617D5,U617D5,小風,plain,Yinqi Wenyuan getzxbybm API,http://jgw.aynu.edu.cn/home/zx/method/jgwzx.ashx?bm=U617D5&type=getzxbybm,2026-07-06,"automated API cross-check, 279/279",
YH279-276,Y+H/617D9,undeciphered,617D9,U617D9,小如,plain,Yinqi Wenyuan getzxbybm API,http://jgw.aynu.edu.cn/home/zx/method/jgwzx.ashx?bm=U617D9&type=getzxbybm,2026-07-06,"automated API cross-check, 279/279",
YH279-277,Y+H/617F9,undeciphered,617F9,U617F9,米帝,plain,Yinqi Wenyuan getzxbybm API,http://jgw.aynu.edu.cn/home/zx/method/jgwzx.ashx?bm=U617F9&type=getzxbybm,2026-07-06,"automated API cross-check, 279/279",
YH279-278,Y+H/61804,undeciphered,61804,U61804,白彘,plain,Yinqi Wenyuan getzxbybm API,http://jgw.aynu.edu.cn/home/zx/method/jgwzx.ashx?bm=U61804&type=getzxbybm,2026-07-06,"automated API cross-check, 279/279",
YH279-279,Y+H/61811,undeciphered,61811,U61811,蔑,plain,Yinqi Wenyuan getzxbybm API,http://jgw.aynu.edu.cn/home/zx/method/jgwzx.ashx?bm=U61811&type=getzxbybm,2026-07-06,"automated API cross-check, 279/279",
